Study ID	Reported Trait	PMID	Author	Date	Study N Initial	Study N Replication	Study N Cases	Index Variant ID	Index Variant RSID	P-Value	Beta	Beta CI Lower	Beta CI Upper	Odds Ratio	Odds Ratio CI Lower	Odds Ratio CI Upper
NEALE2_30100_raw	Mean platelet (thrombocyte) volume		UKB Neale v2	2018-08-01	350470	0		20_5073907_C_G	rs443352	4.380140000000001e-9	-0.0160245	-0.0213757312	-0.010673268799999998			
NEALE2_50_raw	Standing height		UKB Neale v2	2018-08-01	360388	0		20_5132068_T_A	rs73074166	2.691e-12	-0.17241399999999998	-0.22073682	-0.12409118			
NEALE2_1697	Comparative height size at age 10		UKB Neale v2	2018-08-01	355331	0		20_5128756_T_C	rs2083919	9.364770000000001e-10	-0.0156679	-0.020685696	-0.010650104			
NEALE2_23130_raw	Trunk predicted mass		UKB Neale v2	2018-08-01	354494	0		20_4122307_G_A	rs1741288	2.4167999999999995e-8	-0.042617800000000004	-0.0575894168	-0.027646183199999997			
NEALE2_23129_raw	Trunk fat-free mass		UKB Neale v2	2018-08-01	354530	0		20_4122307_G_A	rs1741288	2.5421e-8	-0.044374000000000004	-0.0599871836	-0.0287608164			
GCST001334	Creutzfeldt-Jakob disease (variant)	PMID:22137330	Sanchez-Juan P	2011-11-30	1597	42	93	20_4696446_G_A	rs6107516	3.0000000000000002e-18						
GCST002878	Creutzfeldt-Jakob disease (sporadic)	PMID:25918841	Sanchez-Juan P	2015-04-28	2373	3373	434	20_4696446_G_A	rs6107516	8e-9				0.7407407407407407	0.668931390753496	0.82025877777253
GCST000294	Creutzfeldt-Jakob disease	PMID:19081515	Mead S	2008-12-11	3200	4420	117	20_4699605_A_G	rs1799990	2e-21						
GCST004622	Reticulocyte count	PMID:27863252	Astle WJ	2016-11-17	170641			20_4139131_C_T	rs6084643	3.5589999999999997e-12	-0.02616463	-0.0335395416	-0.018789718400000002			
GCST004619	Reticulocyte fraction of red cells	PMID:27863252	Astle WJ	2016-11-17	170690			20_4139131_C_T	rs6084643	6.499999999999999e-14	-0.02819379	-0.0355643014	-0.0208232786			
NEALE2_30300_raw	High light scatter reticulocyte count		UKB Neale v2	2018-08-01	344729	0		20_4145210_C_T	rs1630688	4.80838e-9	-0.000145787	-0.000194600016	-0.000096973984			
NEALE2_30250_raw	Reticulocyte count		UKB Neale v2	2018-08-01	344729	0		20_4139576_G_A	rs8183127	4.83801e-10	-0.0006061300000000001	-0.0007969928400000001	-0.00041526716000000015			
GCST004612	High light scatter reticulocyte percentage of red cells	PMID:27863252	Astle WJ	2016-11-17	170763			20_4139131_C_T	rs6084643	6.399999999999999e-12	-0.02581368	-0.033177786120000004	-0.01844957388			
GCST004611	High light scatter reticulocyte count	PMID:27863252	Astle WJ	2016-11-17	170761			20_4139131_C_T	rs6084643	5.535999999999999e-11	-0.02463189	-0.03199619016	-0.017267589840000003			
NEALE2_30240_raw	Reticulocyte percentage		UKB Neale v2	2018-08-01	344728	0		20_4139576_G_A	rs8183127	7.1246e-11	-0.0147797	-0.019223902	-0.010335498			
NEALE2_30280_raw	Immature reticulocyte fraction		UKB Neale v2	2018-08-01	344728	0		20_4139576_G_A	rs8183127	4.864430000000002e-9	-0.0008846399999999997	-0.00118093712	-0.0005883428799999999			
GCST004622	Reticulocyte count	PMID:27863252	Astle WJ	2016-11-17	170641			20_4148407_G_T	rs945772	4.1550000000000016e-32	0.10649080000000001	0.08879459111999999	0.12418700888			
GCST004628	Immature fraction of reticulocytes	PMID:27863252	Astle WJ	2016-11-17	170548			20_4188432_G_A	rs16989303	4.643999999999999e-8	0.0466181	0.029896953879999993	0.06333924612000001			
NEALE2_30300_raw	High light scatter reticulocyte count		UKB Neale v2	2018-08-01	344729	0		20_3355571_C_CA	rs573380326	2.7100000000000006e-13	0.000220785	0.00016157418400000002	0.000279995816			
NEALE2_30300_raw	High light scatter reticulocyte count		UKB Neale v2	2018-08-01	344729	0		20_3632959_G_A	rs2670302	5.4449999999999995e-12	-0.00017340300000000006	-0.00022270444800000005	-0.00012410155199999999			
GCST006433	Heel bone mineral density	PMID:30048462	Kim SK	2018-07-26	394929			20_4222579_C_T	rs835875	4e-10						
GCST007066	Heel bone mineral density	PMID:30595370	Kichaev G	2018-12-27	446000			20_4222579_C_T	rs835875	9e-12						
NEALE2_30250_raw	Reticulocyte count		UKB Neale v2	2018-08-01	344729	0		20_4176425_C_G	rs6084653	1.9285899999999997e-229	-0.00311943	-0.00330834362	-0.0029305163800000004			
NEALE2_30280_raw	Immature reticulocyte fraction		UKB Neale v2	2018-08-01	344728	0		20_4176425_C_G	rs6084653	2.2250738585071994e-308	-0.0059868000000000005	-0.00627983372	-0.005693766279999999			
NEALE2_30050_raw	Mean corpuscular haemoglobin		UKB Neale v2	2018-08-01	350472	0		20_4176425_C_G	rs6084653	8.847260000000005e-17	0.0370436	0.0283167196	0.0457704804			
GCST007074	Red cell distribution width	PMID:30595370	Kichaev G	2018-12-27	445000			20_4176425_C_G	rs6084653	3e-23						
GCST004605	Mean corpuscular hemoglobin concentration	PMID:27863252	Astle WJ	2016-11-17	172851			20_4176425_C_G	rs6084653	1.201e-9	0.02172369	0.0147207472	0.028726632800000002			
NEALE2_30260_raw	Mean reticulocyte volume		UKB Neale v2	2018-08-01	344728	0		20_4189582_G_C	rs11699685	4.0433599999999996e-16	0.15359699999999998	0.116602196	0.190591804			
NEALE2_30300_raw	High light scatter reticulocyte count		UKB Neale v2	2018-08-01	344729	0		20_4176425_C_G	rs6084653	2.2250738585071994e-308	-0.00128361	-0.001332940652	-0.001234279348			
NEALE2_30290_raw	High light scatter reticulocyte percentage		UKB Neale v2	2018-08-01	344729	0		20_4176425_C_G	rs6084653	5.287180000000002e-262	-0.0289801	-0.03062133148	-0.02733886852			
GCST004619	Reticulocyte fraction of red cells	PMID:27863252	Astle WJ	2016-11-17	170690			20_4176425_C_G	rs6084653	2.2250738585071994e-308	-0.1740241	-0.18127625092	-0.16677194907999998			
GCST007068	Mean corpuscular hemoglobin	PMID:30595370	Kichaev G	2018-12-27	443000			20_4176425_C_G	rs6084653	2e-33						
NEALE2_30240_raw	Reticulocyte percentage		UKB Neale v2	2018-08-01	344728	0		20_4176425_C_G	rs6084653	5.551750000000002e-213	-0.0699607	-0.0743600376	-0.0655613624			
GCST004612	High light scatter reticulocyte percentage of red cells	PMID:27863252	Astle WJ	2016-11-17	170763			20_4176425_C_G	rs6084653	2.2250738585071994e-308	-0.1490442	-0.15628988683999998	-0.14179851316			
GCST007070	White blood cell count	PMID:30595370	Kichaev G	2018-12-27	444000			20_4180853_C_T	rs8118315	1e-10						
GCST004622	Reticulocyte count	PMID:27863252	Astle WJ	2016-11-17	170641			20_4176425_C_G	rs6084653	2.2250738585071994e-308	-0.17158220000000002	-0.17883866095999998	-0.16432573904			
GCST004630	Mean corpuscular hemoglobin	PMID:27863252	Astle WJ	2016-11-17	172332			20_4176425_C_G	rs6084653	1.33e-11	0.02471657	0.0175558962	0.031877243799999996			
NEALE2_30060_raw	Mean corpuscular haemoglobin concentration		UKB Neale v2	2018-08-01	350468	0		20_4176425_C_G	rs6084653	3.5676400000000005e-10	0.0162844	0.0111955344	0.021373265600000003			
NEALE2_30040_raw	Mean corpuscular volume		UKB Neale v2	2018-08-01	350473	0		20_4176425_C_G	rs6084653	2.333940000000001e-9	0.06383699999999999	0.042888715999999986	0.08478528399999999			
GCST004611	High light scatter reticulocyte count	PMID:27863252	Astle WJ	2016-11-17	170761			20_4176425_C_G	rs6084653	2.2250738585071994e-308	-0.14899849999999998	-0.1562442182	-0.1417527818			
GCST004611	High light scatter reticulocyte count	PMID:27863252	Astle WJ	2016-11-17	170761			20_4182655_A_G	rs1051904	9.58e-107	-0.08433573	-0.09186797276	-0.07680348724			
NEALE2_30020_raw	Haemoglobin concentration		UKB Neale v2	2018-08-01	350474	0		20_4162192_G_A	rs78839561	2.3508099999999997e-8	0.0134239	0.008712177599999999	0.0181356224			
NEALE2_20002_1427	polycystic kidney | Non-cancer illness code, self-reported		UKB Neale v2	2018-08-01	361141	0	251	20_4262797_G_C	rs77791318	1.1674400000000003e-8				6.411008022205903	3.385901020618301	12.138873407847864
NEALE2_30120_raw	Lymphocyte count		UKB Neale v2	2018-08-01	349856	0		20_4293964_T_G	rs71332077	2.0069799999999996e-9	0.10406199999999999	0.070053648	0.13807035199999998			
GCST007236	Breast cancer	PMID:25751625	Michailidou K	2015-04-01	89677		46785	20_3617227_T_C	rs596720	1.6661400000000008e-8				2.7182818284590446	2.6674586940989258	2.7700732968338198
NEALE2_20002_1065	hypertension | Non-cancer illness code, self-reported		UKB Neale v2	2018-08-01	361141	0	93560	20_4445885_G_A	rs36037977	8.06095e-9				0.9346251611350066	0.9133947433295502	0.9563490464620203
NEALE2_6150_4	High blood pressure | Vascular/heart problems diagnosed by doctor		UKB Neale v2	2018-08-01	360420	0	97139	20_4445885_G_A	rs36037977	1.0698999999999997e-8				0.9357652553131801	0.9147151031060152	0.9572998303821082
GCST007072	Cardiovascular disease	PMID:30595370	Kichaev G	2018-12-27	459000			20_4445885_G_A	rs36037977	5e-8						
NEALE2_30290_raw	High light scatter reticulocyte percentage		UKB Neale v2	2018-08-01	344729	0		20_4599109_G_A	rs112305801	3.323590000000001e-8	0.030944	0.019963786	0.041924214			
NEALE2_1747_4	Dark brown | Hair colour (natural, before greying)		UKB Neale v2	2018-08-01	360270	0	134627	20_4721739_G_A	rs41310157	9.846559999999999e-9				1.1737211403145968	1.1111779289809554	1.2397846279081457
GCST007236	Breast cancer	PMID:25751625	Michailidou K	2015-04-01	89677		46785	20_5493266_C_A	rs73893995	1.6868000000000003e-8				2.1158761880067543	2.0487421510982795	2.185210101024193
GCST006660	DNA methylation variation (age effect)	PMID:30348214	Zhang Q	2018-10-22	954			20_4795437_C_T	rs190148485	2e-11						
GCST007236	Breast cancer	PMID:25751625	Michailidou K	2015-04-01	89677		46785	20_4805434_T_C	rs2423015	3.228510000000001e-8				2.505900121666877	2.456523020886709	2.5562697220331376
GCST007074	Red cell distribution width	PMID:30595370	Kichaev G	2018-12-27	445000			20_4999759_C_T	rs1279682	3e-11						
NEALE2_30050_raw	Mean corpuscular haemoglobin		UKB Neale v2	2018-08-01	350472	0		20_5002446_G_A	rs1279683	4.484600000000001e-9	-0.026807099999999997	-0.0357650448	-0.0178491552			
NEALE2_30040_raw	Mean corpuscular volume		UKB Neale v2	2018-08-01	350473	0		20_5002446_G_A	rs1279683	1.2459999999999997e-12	-0.07789299999999999	-0.099394396	-0.056391603999999984			
GCST004602	Mean corpuscular volume	PMID:27863252	Astle WJ	2016-11-17	172433			20_5004696_A_T	rs6053030	2.704e-8	-0.02094876	-0.028334118399999997	-0.013563401599999999			
GCST007068	Mean corpuscular hemoglobin	PMID:30595370	Kichaev G	2018-12-27	443000			20_5002446_G_A	rs1279683	2e-18						
GCST007236	Breast cancer	PMID:25751625	Michailidou K	2015-04-01	89677		46785	20_6858847_A_G	rs769385	1.50841e-8				2.5896429265237995	2.5397399360332127	2.6405264538105238